bin_min_um,bin_max_um,bin_center_um,count,fraction
0,0.5,0.25,0,0
0.5,1,0.75,0,0
1,1.5,1.25,8982,0.518801
1.5,2,1.75,0,0
2,2.5,2.25,4250,0.24548
2.5,3,2.75,1001,0.0578178
3,3.5,3.25,1283,0.0741062
3.5,4,3.75,544,0.0314215
4,4.5,4.25,723,0.0417605
4.5,5,4.75,0,0
5,5.5,5.25,279,0.0161151
5.5,6,5.75,67,0.00386992
6,6.5,6.25,75,0.004332
6.5,7,6.75,22,0.00127072
7,7.5,7.25,33,0.00190608
7.5,8,7.75,18,0.00103968
8,8.5,8.25,11,0.000635361
8.5,9,8.75,8,0.000462081
9,9.5,9.25,7,0.00040432
9.5,10,9.75,4,0.00023104
10,10.5,10.25,2,0.00011552
10.5,11,10.75,3,0.00017328
11,11.5,11.25,1,5.77601e-05
